zcta5,county_geoid,land_share_tx
73949,48421,1
73960,48421,1
75001,48113,1
75002,48085,1
75006,48113,1
75007,48121,0.9037694147186349
75009,48085,0.9308220754834696
75010,48121,1
75013,48085,1
75019,48113,0.9803539718674014
75020,48181,1
75021,48181,1
75022,48121,0.9512460926208129
75023,48085,1
75024,48085,0.8749933567131327
75025,48085,1
75028,48121,0.9768657632772407
75032,48397,1
75033,48121,0.5480169345034935
75034,48085,0.5645441028323454
75035,48085,1
75036,48121,1
75038,48113,1
75039,48113,1
75040,48113,1
75041,48113,1
75042,48113,1
75043,48113,1
75044,48113,0.9958710298877773
75048,48113,0.806418678642654
75050,48113,0.7886888433925421
75051,48113,0.8696267540332926
75052,48113,0.5933055640618189
75054,48439,0.6515303328858453
75056,48121,1
75057,48121,1
75058,48181,1
75060,48113,1
75061,48113,1
75062,48113,1
75063,48113,1
75065,48121,1
75067,48121,0.9615993622479899
75068,48121,1
75069,48085,1
75070,48085,1
75071,48085,1
75072,48085,1
75074,48085,1
75075,48085,1
75076,48181,1
75077,48121,1
75078,48085,0.7011461577082931
75080,48113,0.7087146153542906
75081,48113,1
75082,48085,0.8457150806245244
75087,48397,0.9373391498849458
75088,48113,0.8729430319483372
75089,48113,0.9632393037883008
75090,48181,1
75092,48181,1
75093,48085,0.9020310173934736
75094,48085,1
75098,48085,0.8659521707128548
75101,48139,1
75102,48349,1
75103,48467,1
75104,48113,0.9377494295688554
75105,48349,1
75109,48349,1
75110,48349,1
75114,48257,1
75115,48113,1
75116,48113,1
75117,48467,1
75119,48139,0.9436951802897423
75124,48213,0.7291695921733635
75125,48139,0.7147175306344413
75126,48257,0.9735030363826563
75127,48467,1
75132,48397,1
75134,48113,1
75135,48231,1
75137,48113,1
75140,48467,0.9815331965358473
75141,48113,1
75142,48257,1
75143,48257,0.5399068474476613
75144,48349,1
75146,48113,0.9941744494284418
75147,48467,0.5576939678630088
75148,48213,1
75149,48113,1
75150,48113,1
75152,48139,1
75153,48349,1
75154,48139,0.8753874994614699
75155,48349,1
75156,48213,0.9994731097944802
75157,48257,1
75158,48257,1
75159,48113,0.6290702302577119
75160,48257,0.827934672687735
75161,48257,1
75163,48213,1
75164,48085,1
75165,48139,1
75166,48085,1
75167,48139,1
75169,48467,0.8863854863706371
75172,48113,1
75173,48085,1
75180,48113,1
75181,48113,1
75182,48113,1
75189,48397,0.42348966443550384
75201,48113,1
75202,48113,1
75203,48113,1
75204,48113,1
75205,48113,1
75206,48113,1
75207,48113,1
75208,48113,1
75209,48113,1
75210,48113,1
75211,48113,1
75212,48113,1
75214,48113,1
75215,48113,1
75216,48113,1
75217,48113,1
75218,48113,1
75219,48113,1
75220,48113,1
75223,48113,1
75224,48113,1
75225,48113,1
75226,48113,1
75227,48113,1
75228,48113,1
75229,48113,1
75230,48113,1
75231,48113,1
75232,48113,1
75233,48113,1
75234,48113,1
75235,48113,1
75236,48113,1
75237,48113,1
75238,48113,1
75240,48113,1
75241,48113,1
75243,48113,1
75244,48113,1
75246,48113,1
75247,48113,1
75248,48113,0.9938463909914734
75249,48113,1
75251,48113,1
75252,48085,0.9215005434123406
75253,48113,1
75254,48113,1
75261,48439,1
75270,48113,1
75287,48085,0.5821737845367603
75390,48113,1
75401,48231,1
75402,48231,1
75407,48085,1
75409,48085,1
75410,48499,0.5106263396135017
75411,48277,1
75412,48387,1
75413,48147,1
75414,48181,1
75415,48119,1
75416,48277,0.9883754725665853
75417,48387,1
75418,48147,1
75420,48223,0.9912192817457719
75421,48277,1
75422,48231,1
75423,48231,0.9420893233174604
75424,48085,0.9189959616812792
75426,48387,1
75428,48231,0.8333522845015218
75429,48231,1
75431,48223,0.7701164640861684
75432,48119,1
75433,48223,0.9806459831254845
75434,48277,1
75435,48277,0.5440595456712487
75436,48387,0.9370876057605275
75437,48223,1
75438,48147,1
75439,48147,1
75440,48379,0.974846240763178
75441,48119,1
75442,48085,0.8357791704317543
75446,48147,0.754302333157303
75447,48147,1
75448,48119,1
75449,48147,0.6933931281977175
75450,48119,1
75451,48063,0.8819688952217769
75452,48147,0.7987386122322195
75453,48231,0.7309252740672636
75454,48085,1
75455,48449,0.9627243657282883
75457,48159,1
75459,48181,1
75460,48277,1
75462,48277,1
75468,48277,1
75469,48119,0.8566479048992943
75470,48277,1
75471,48223,0.94720826463614
75472,48379,0.9884223781960043
75473,48277,1
75474,48231,0.954970872126351
75475,48147,1
75476,48147,1
75477,48277,1
75478,48223,0.9160325469114505
75479,48147,0.9692919961616064
75480,48159,0.9707147907022351
75481,48223,0.9250334548343586
75482,48223,1
75486,48277,1
75487,48159,0.6634954443716216
75488,48147,1
75489,48181,1
75490,48147,0.9679443585133013
75491,48181,0.584169629934463
75492,48147,1
75493,48449,1
75494,48499,0.6915585872718139
75495,48181,0.9454531373405405
75496,48231,0.5902549011527972
75497,48499,0.7480028678688981
75501,48037,1
75503,48037,1
75550,48387,1
75551,48067,1
75554,48387,0.8102269248129996
75555,48067,0.9125845825568221
75556,48067,1
75558,48449,0.9907117774786189
75559,48037,0.918093168116552
75560,48067,1
75561,48037,1
75562,48067,1
75563,48067,1
75564,48067,1
75565,48067,1
75566,48067,1
75567,48037,1
75568,48067,0.7361974446259842
75569,48037,1
75570,48037,1
75571,48343,0.9234080742079739
75572,48067,1
75573,48037,1
75574,48037,1
75601,48183,0.7791631180980154
75602,48203,0.8084176841103947
75603,48183,0.8909150997494
75604,48183,0.9793232893091988
75605,48183,0.5836057352354067
75630,48067,0.5513199935580058
75631,48365,1
75633,48365,1
75638,48343,0.969673413442867
75639,48365,1
75640,48203,0.599210087470066
75641,48401,0.789773594446743
75642,48365,0.6545987591574538
75643,48365,0.8668212049643605
75644,48459,1
75645,48459,0.9781055951411843
75647,48183,0.4322677690045149
75650,48203,1
75651,48203,0.9088323820048174
75652,48401,0.9833952524500258
75654,48401,0.9963602731523269
75656,48067,0.9173302976871024
75657,48315,0.8728399744041275
75658,48401,1
75659,48203,1
75661,48203,1
75662,48183,0.5275655924527596
75667,48401,1
75668,48343,0.819200946336847
75669,48365,0.8291900091473571
75670,48203,1
75671,48203,1
75672,48203,0.9974754455235535
75680,48401,1
75681,48401,1
75682,48401,1
75683,48459,0.8304124841480902
75684,48401,0.8283570869596578
75686,48063,0.6939992890631633
75687,48401,1
75689,48401,1
75691,48401,0.7832330512048759
75692,48203,0.9384127439142492
75693,48183,1
75694,48203,1
75701,48423,1
75702,48423,1
75703,48423,1
75704,48423,1
75705,48423,1
75706,48423,1
75707,48423,1
75708,48423,1
75709,48423,1
75711,48423,1
75750,48423,1
75751,48213,0.681276195812149
75752,48213,0.8956746931285147
75754,48467,1
75755,48459,0.9524038386512909
75756,48213,0.9696132611434202
75757,48073,0.6937417859522915
75758,48213,0.7991511373175868
75759,48073,1
75760,48347,0.6803653271077341
75762,48423,1
75763,48001,0.6909252288857658
75764,48073,1
75765,48499,0.9893074015307933
75766,48073,1
75770,48213,1
75771,48423,1
75773,48499,0.8243529842824353
75778,48213,0.8690273964056412
75779,48001,1
75780,48073,1
75782,48213,1
75783,48499,1
75784,48401,0.6158896819061204
75785,48073,1
75788,48347,1
75789,48073,0.6352406503478233
75790,48467,0.9585827770294839
75791,48423,1
75792,48423,1
75801,48001,1
75803,48001,0.9964946133635644
75831,48289,0.7018169057347735
75833,48289,1
75835,48225,1
75838,48161,0.8911521814126689
75839,48001,0.9622133611163316
75840,48161,1
75844,48225,0.82242763439420985
75845,48455,1
75846,48289,0.8146764211133323
75847,48225,0.8691731015574227
75848,48161,1
75849,48225,1
75850,48289,1
75851,48225,0.8812381497146444
75852,48313,0.7775136046418366
75853,48001,0.9778759388394284
75855,48289,0.5803535368659075
75856,48225,0.7098215119480511
75858,48225,1
75859,48161,0.7563391900085636
75860,48161,1
75861,48001,1
75862,48455,0.7880325758386111
75865,48455,1
75884,48001,1
75886,48001,1
75901,48005,1
75903,48005,1
75904,48005,0.8502886221640326
75925,48073,1
75926,48455,1
75928,48351,1
75929,48405,1
75930,48405,0.5629405457031549
75931,48241,0.833370173206093
75932,48351,1
75933,48351,0.9169306165489822
75934,48373,1
75935,48419,0.8930255354424552
75936,48457,0.8221231460412332
75937,48347,1
75938,48457,1
75939,48373,1
75941,48005,1
75942,48457,1
75943,48347,1
75944,48347,1
75946,48347,0.6814113299159834
75948,48403,0.9589426940582233
75949,48005,1
75951,48241,0.9945852540088728
75954,48419,0.8786612242636676
75956,48241,0.8816011716524291
75959,48403,1
75960,48373,1
75961,48347,1
75962,48347,1
75964,48347,1
75965,48347,1
75966,48351,0.9885443504800756
75968,48403,1
75969,48005,0.8543520611947872
75972,48405,0.7879577183051548
75973,48419,1
75974,48419,0.5946806846001587
75975,48419,0.8737753474765967
75976,48073,1
75977,48351,1
75979,48457,1
75980,48005,0.8835254497623855
76001,48439,1
76002,48439,1
76005,48439,1
76006,48439,1
76008,48367,0.9287028597888758
76009,48251,1
76010,48439,1
76011,48439,1
76012,48439,1
76013,48439,1
76014,48439,1
76015,48439,1
76016,48439,1
76017,48439,1
76018,48439,1
76020,48367,0.668710072223428
76021,48439,1
76022,48439,1
76023,48497,0.9716329392361216
76028,48251,0.7710308729661521
76031,48251,1
76033,48251,0.8571978772080345
76034,48439,1
76035,48367,0.5915887149388102
76036,48439,0.7795682025638112
76039,48439,1
76040,48439,1
76041,48139,1
76043,48425,0.8188431811239366
76044,48251,1
76048,48221,0.9426922903947755
76049,48221,0.9800168424482062
76050,48251,0.6355561144412847
76051,48439,0.9837481104085397
76052,48439,0.5723274033630777
76053,48439,1
76054,48439,1
76055,48217,1
76058,48251,1
76059,48251,1
76060,48439,1
76061,48251,1
76063,48439,0.7434050871112137
76064,48139,1
76065,48139,0.9980032575420834
76066,48367,0.9763793509737534
76067,48363,0.9066903650922981
76070,48425,0.9070433911360105
76071,48497,0.9489628227366481
76073,48497,1
76077,48425,1
76078,48497,0.996086862930765
76082,48367,0.7384093714726149
76084,48251,0.5241583590055542
76085,48367,1
76086,48367,1
76087,48367,0.9557920065743795
76088,48367,1
76092,48439,0.9165477954726259
76093,48251,0.80206669921468
76102,48439,1
76103,48439,1
76104,48439,1
76105,48439,1
76106,48439,1
76107,48439,1
76108,48439,0.7230030781318006
76109,48439,1
76110,48439,1
76111,48439,1
76112,48439,1
76114,48439,1
76115,48439,1
76116,48439,1
76117,48439,1
76118,48439,1
76119,48439,1
76120,48439,1
76123,48439,1
76126,48439,0.7275448377988037
76127,48439,1
76129,48439,1
76131,48439,1
76132,48439,1
76133,48439,1
76134,48439,1
76135,48439,1
76137,48439,1
76140,48439,1
76148,48439,1
76155,48439,1
76164,48439,1
76177,48439,0.6732407037490489
76179,48439,1
76180,48439,1
76182,48439,1
76201,48121,1
76203,48121,1
76205,48121,1
76207,48121,1
76208,48121,1
76209,48121,1
76210,48121,1
76225,48497,0.992673023555574
76226,48121,1
76227,48121,1
76228,48077,0.8982074641083512
76230,48337,0.6082045224319474
76233,48181,0.7598249230455678
76234,48497,0.9195610081127821
76238,48097,1
76239,48337,0.8805204059192046
76240,48097,0.9994269756710281
76241,48097,1
76244,48439,1
76245,48181,1
76247,48121,0.9657908974580824
76248,48439,1
76249,48121,0.9546711735476023
76250,48097,1
76251,48337,1
76252,48097,0.978856339799543
76253,48097,1
76255,48337,1
76258,48121,0.8358267597863929
76259,48121,0.9585988557904682
76261,48337,0.6357957665781206
76262,48121,0.7194333179582392
76263,48097,1
76264,48181,1
76265,48337,0.8369707669447598
76266,48121,0.9705087332090838
76267,48497,1
76268,48181,1
76270,48337,0.7138200274556866
76271,48181,0.7175721326523936
76272,48097,0.9573557929232073
76273,48181,0.5182501349293013
76301,48485,1
76302,48485,0.9995135601152351
76305,48077,0.6861352574460302
76306,48485,1
76308,48485,0.8674981242866621
76309,48485,1
76310,48009,0.4642016470147066
76311,48485,1
76351,48009,1
76354,48485,1
76357,48077,1
76360,48485,0.49745412756811325
76363,48275,1
76364,48487,1
76365,48077,0.9680832524728223
76366,48009,1
76367,48485,1
76370,48009,1
76371,48275,0.9667895963218114
76372,48447,0.5123669232516335
76373,48487,1
76374,48503,0.7839602883234003
76377,48077,1
76379,48009,1
76380,48023,0.9228084627481707
76384,48487,0.9957671923068248
76388,48207,1
76389,48009,0.7193404961483214
76401,48143,1
76402,48143,1
76424,48429,0.9658038959693557
76426,48497,0.8745161583952805
76427,48237,1
76429,48429,0.9178013383517203
76430,48417,0.9708390140274108
76431,48497,0.744940995643242
76432,48049,0.5788015760977623
76433,48143,0.7514118177587631
76435,48133,1
76436,48093,0.8562753281971972
76437,48133,0.6928942165945488
76439,48367,1
76442,48093,0.908825151991087
76443,48059,0.72906635717213375
76444,48093,0.9887830283389487
76445,48133,0.8009247575693768
76446,48143,0.7151974473022716
76448,48133,1
76449,48363,0.9920168373788067
76450,48503,0.850998669241375
76452,48093,1
76453,48363,0.8075220135213309
76454,48133,0.7573508436970078
76455,48093,1
76457,48193,0.5803456694788761
76458,48237,0.994580514710916
76459,48237,1
76460,48503,1
76462,48221,0.36540357244645827
76463,48143,0.8928237806814399
76464,48417,0.5811464626471917
76466,48133,1
76469,48059,1
76470,48133,0.5439883191875978
76471,48133,0.6414102654567373
76472,48363,1
76474,48093,0.9652745652644489
76475,48363,0.7297085213399045
76476,48221,1
76481,48503,1
76483,48447,1
76484,48363,1
76486,48237,0.6653395104035595
76487,48367,0.661075487619116
76490,48367,1
76491,48447,0.9860957704467361
76501,48027,1
76502,48027,1
76504,48027,1
76511,48027,0.5710146618160935
76513,48027,1
76518,48331,1
76519,48331,0.570423594233782
76520,48331,1
76522,48099,0.8026210025555559
76523,48331,1
76524,48145,0.803587745798994
76525,48193,0.514623572554616
76527,48491,0.8573728292068977
76528,48099,0.9839050922694073
76530,48491,1
76531,48193,0.9616741453383261
76534,48027,0.932346788840351
76537,48491,1
76538,48193,0.6906922251835713
76539,48281,0.7142590867091361
76541,48027,1
76542,48027,1
76543,48027,1
76544,48099,0.7913618943147964
76548,48027,1
76549,48027,0.8853534080448867
76550,48281,0.584390609155133
76554,48027,1
76556,48331,0.9923225208002474
76557,48027,0.4504100448149901
76559,48027,1
76561,48099,0.8947724139923976
76565,48193,1
76566,48099,0.6838142091943623
76567,48331,0.9057510932153975
76569,48027,0.7240963185808138
76570,48145,0.6654363567513671
76571,48027,1
76573,48491,1
76574,48491,0.9985528667092103
76577,48331,0.9036579680015956
76578,48491,0.9921905394232882
76579,48027,0.8543175350595034
76596,48099,1
76597,48099,1
76598,48099,1
76599,48099,1
76621,48217,0.9628378056407152
76622,48217,0.9791428275007171
76623,48139,1
76624,48309,0.8779799764028915
76626,48349,0.9478967813508676
76627,48217,1
76628,48217,1
76629,48395,0.8164878911665479
76630,48309,0.9252600073131306
76631,48217,1
76632,48145,1
76633,48309,0.7303058678915252
76634,48035,0.9785580518326686
76635,48293,1
76636,48217,1
76637,48035,0.5661304887100628
76638,48309,1
76639,48349,1
76640,48309,1
76641,48349,0.9130719408118132
76642,48293,1
76643,48309,1
76645,48217,1
76648,48217,0.7544508662422388
76649,48035,0.7920417162830109
76650,48217,1
76651,48139,1
76652,48035,1
76653,48293,0.5797976368623919
76654,48309,1
76655,48309,0.8335960941739119
76656,48145,1
76657,48309,0.9247379040309777
76660,48217,1
76661,48145,1
76664,48293,0.6475487164693828
76665,48035,1
76666,48217,0.6310418880853228
76667,48293,0.8197537555373832
76670,48139,0.625066212210965
76671,48035,1
76673,48217,0.6135623201989573
76676,48217,1
76678,48293,1
76679,48349,1
76680,48145,1
76681,48349,1
76682,48145,0.6086269807643012
76685,48145,1
76686,48293,1
76687,48293,0.8266591656143395
76689,48035,0.5855915705560713
76690,48035,0.6189021690666914
76691,48309,0.9264807427078499
76692,48217,1
76693,48161,0.5232497515532287
76701,48309,1
76704,48309,1
76705,48309,1
76706,48309,0.9570646473825408
76707,48309,1
76708,48309,1
76710,48309,1
76711,48309,1
76712,48309,1
76798,48309,1
76801,48049,0.9473338432145638
76802,48049,1
76820,48319,1
76821,48399,1
76823,48049,0.8748923572652444
76824,48411,1
76825,48307,0.9722687911172561
76827,48049,0.9309234576322012
76828,48083,1
76831,48299,1
76832,48411,1
76834,48083,1
76836,48307,0.611552492691911
76837,48095,1
76841,48413,0.6746654405933782
76842,48319,0.5934823802710696
76844,48333,0.9539088992688698
76845,48083,1
76848,48327,1
76849,48267,0.9700249820524172
76852,48307,1
76853,48281,0.8772114348895884
76854,48267,0.8579615767508442
76856,48319,1
76857,48049,0.9587230063134602
76858,48095,0.66322249035168
76859,48327,0.8564676293269702
76861,48451,0.6000875881995178
76862,48095,1
76864,48333,1
76865,48399,1
76866,48095,1
76869,48411,0.39078041528953417
76870,48333,1
76871,48411,0.9083990833050332
76872,48307,0.7929106117420106
76873,48083,1
76874,48267,0.5676453540590667
76875,48399,0.6265028795170468
76877,48411,1
76878,48083,1
76880,48333,1
76882,48399,0.5507196484049451
76884,48083,1
76885,48299,1
76887,48307,1
76888,48083,1
76890,48049,0.7822539417700825
76901,48451,0.7227160801957728
76902,48451,1
76903,48451,1
76904,48451,0.9208713095924336
76905,48451,1
76908,48451,1
76909,48451,1
76930,48235,0.5019246492713049
76932,48383,0.6300583402039752
76933,48081,0.6974900988025687
76934,48451,1
76935,48413,0.5129985672041082
76936,48413,1
76937,48451,0.8038968856201321
76939,48451,1
76940,48451,1
76941,48235,1
76943,48105,0.7437746388898251
76945,48081,0.9478779678012693
76950,48435,0.7931259695762285
76951,48431,1
76953,48081,1
76955,48451,0.7416241196745794
76957,48451,1
76958,48451,1
77002,48201,1
77003,48201,1
77004,48201,1
77005,48201,1
77006,48201,1
77007,48201,1
77008,48201,1
77009,48201,1
77010,48201,1
77011,48201,1
77012,48201,1
77013,48201,1
77014,48201,1
77015,48201,1
77016,48201,1
77017,48201,1
77018,48201,1
77019,48201,1
77020,48201,1
77021,48201,1
77022,48201,1
77023,48201,1
77024,48201,1
77025,48201,1
77026,48201,1
77027,48201,1
77028,48201,1
77029,48201,1
77030,48201,1
77031,48201,0.9912073049075292
77032,48201,1
77033,48201,1
77034,48201,1
77035,48201,1
77036,48201,1
77037,48201,1
77038,48201,1
77039,48201,1
77040,48201,1
77041,48201,1
77042,48201,1
77043,48201,1
77044,48201,1
77045,48201,1
77046,48201,1
77047,48201,1
77048,48201,1
77049,48201,1
77050,48201,1
77051,48201,1
77053,48157,0.6897425231569476
77054,48201,1
77055,48201,1
77056,48201,1
77057,48201,1
77058,48201,1
77059,48201,1
77060,48201,1
77061,48201,1
77062,48201,1
77063,48201,1
77064,48201,1
77065,48201,1
77066,48201,1
77067,48201,1
77068,48201,1
77069,48201,1
77070,48201,1
77071,48201,1
77072,48201,1
77073,48201,1
77074,48201,1
77075,48201,1
77076,48201,1
77077,48201,1
77078,48201,1
77079,48201,1
77080,48201,1
77081,48201,1
77082,48201,0.9978875028059
77083,48201,0.5985488947615877
77084,48201,1
77085,48201,0.9692764533880022
77086,48201,1
77087,48201,1
77088,48201,1
77089,48201,1
77090,48201,1
77091,48201,1
77092,48201,1
77093,48201,1
77094,48201,1
77095,48201,1
77096,48201,1
77098,48201,1
77099,48201,0.9507772526632429
77204,48201,1
77301,48339,1
77302,48339,1
77303,48339,1
77304,48339,1
77306,48339,1
77316,48339,0.9613447061966851
77318,48339,1
77320,48471,0.9376377287189716
77326,48373,1
77327,48291,0.9990987065221645
77328,48407,0.6997392788852793
77331,48407,1
77334,48471,1
77335,48373,1
77336,48201,1
77338,48201,1
77339,48201,0.7594814107646332
77340,48471,1
77341,48471,1
77342,48471,1
77345,48201,1
77346,48201,1
77350,48373,1
77351,48373,1
77354,48339,1
77355,48339,0.9007230073517226
77356,48339,0.9770876954502463
77357,48339,0.8202610386114461
77358,48471,0.7193382555406413
77359,48407,1
77360,48373,1
77362,48339,1
77363,48185,0.9809509378260339
77364,48407,1
77365,48339,0.9619457592550328
77367,48471,1
77368,48291,1
77369,48291,0.9734071442741675
77371,48407,0.9991625665149991
77372,48339,0.874604921805514
77373,48201,1
77374,48199,1
77375,48201,1
77376,48199,1
77377,48201,1
77378,48339,0.6050053862343904
77379,48201,1
77380,48339,1
77381,48339,1
77382,48339,1
77384,48339,1
77385,48339,1
77386,48339,1
77388,48201,1
77389,48201,1
77396,48201,1
77401,48201,1
77406,48157,1
77407,48157,1
77412,48089,1
77414,48321,1
77415,48321,1
77417,48157,1
77418,48015,1
77419,48321,1
77420,48481,0.6168244329269662
77422,48039,1
77423,48473,0.9210957307675066
77426,48477,0.7855677979417172
77428,48321,1
77429,48201,1
77430,48039,0.7845274074363887
77431,48039,1
77432,48481,1
77433,48201,1
77434,48089,0.657181816817702
77435,48481,0.8966531835346577
77436,48481,1
77437,48481,1
77440,48321,1
77441,48157,1
77442,48089,1
77443,48481,1
77444,48157,0.503810876168734
77445,48473,1
77446,48473,1
77447,48201,0.6651582392745014
77448,48481,1
77449,48201,1
77450,48201,0.6545885677878593
77451,48157,1
77453,48481,1
77454,48481,1
77455,48481,0.8908283894775341
77456,48321,1
77457,48321,1
77458,48321,1
77459,48157,1
77460,48089,1
77461,48157,1
77464,48157,1
77465,48321,0.7710457897580332
77466,48473,1
77467,48481,1
77468,48321,1
77469,48157,1
77470,48089,1
77471,48157,1
77473,48015,1
77474,48015,0.9808296627524882
77475,48089,1
77476,48157,1
77477,48157,0.9475252096138275
77478,48157,1
77479,48157,1
77480,48039,0.8177693765359094
77481,48157,1
77482,48321,1
77483,48321,1
77484,48473,0.7817281687046993
77485,48015,0.5987423079765387
77486,48039,1
77488,48481,1
77489,48157,0.9637019568011284
77493,48201,0.6809425302679878
77494,48157,0.849934162232563
77498,48157,1
77502,48201,1
77503,48201,1
77504,48201,1
77505,48201,1
77506,48201,1
77507,48201,1
77510,48167,0.9366517841367673
77511,48039,0.865562372062808
77514,48071,1
77515,48039,1
77517,48167,0.7500155140852052
77518,48167,1
77519,48199,1
77520,48201,0.9566252332555826
77521,48201,0.7726473338780916
77523,48071,0.9536527619561921
77530,48201,1
77531,48039,1
77532,48201,1
77533,48291,1
77534,48039,1
77535,48291,0.9661529596958877
77536,48201,1
77538,48291,1
77539,48167,1
77541,48039,1
77545,48157,0.9923334960884862
77546,48167,0.671308740909264
77547,48201,1
77550,48167,1
77551,48167,1
77554,48167,1
77555,48167,1
77560,48071,1
77561,48291,1
77562,48201,1
77563,48167,1
77564,48291,0.7632093938007308
77565,48167,1
77566,48039,1
77568,48167,1
77571,48201,1
77573,48167,1
77575,48291,0.973932065600959
77577,48039,1
77578,48039,1
77580,48071,1
77581,48039,0.9428816753546378
77582,48291,1
77583,48039,0.9162342905581141
77584,48039,0.958436966117876
77585,48199,1
77586,48201,1
77587,48201,1
77590,48167,1
77591,48167,1
77597,48071,1
77598,48201,1
77611,48361,1
77612,48241,0.6517156052480566
77613,48245,1
77614,48351,1
77615,48241,1
77616,48457,1
77617,48167,1
77619,48245,1
77622,48245,1
77623,48167,1
77624,48457,1
77625,48199,1
77627,48245,1
77629,48245,0.7315281080653009
77630,48361,1
77632,48361,0.757837848265188
77640,48245,1
77642,48245,1
77650,48167,1
77651,48245,1
77655,48245,1
77656,48199,0.863636383155119
77657,48199,1
77659,48199,1
77660,48457,1
77661,48071,1
77662,48361,0.8463720664130754
77663,48199,0.836051082233446
77664,48457,0.9046491660808766
77665,48071,0.7539097734529387
77701,48245,1
77702,48245,1
77703,48245,1
77705,48245,1
77706,48245,1
77707,48245,1
77708,48245,1
77713,48245,1
77801,48041,1
77802,48041,1
77803,48041,1
77807,48041,0.8498417915018022
77808,48041,0.842160030676143
77830,48185,1
77831,48185,0.7652384026231631
77833,48477,0.9151823809534293
77835,48477,0.9892149662764788
77836,48051,0.9794321162051451
77837,48395,1
77840,48041,1
77843,48041,1
77845,48041,1
77852,48051,1
77853,48287,1
77855,48289,1
77856,48395,1
77857,48331,1
77859,48395,0.8339706487577021
77861,48185,1
77863,48051,1
77864,48313,1
77865,48289,1
77866,48041,1
77867,48395,1
77868,48185,0.7007198287412482
77871,48289,0.6116504990602503
77872,48313,0.9590226517118223
77873,48339,0.43605951829059597
77875,48185,1
77876,48185,1
77878,48051,1
77879,48051,1
77880,48477,1
77882,48395,1
77901,48469,1
77904,48469,1
77905,48469,0.9079759382093543
77950,48007,0.7404026235841766
77951,48469,1
77954,48123,0.9503454892208097
77957,48239,1
77960,48175,1
77961,48239,1
77962,48239,1
77963,48175,1
77964,48285,0.9777652849376215
77968,48469,1
77969,48239,1
77970,48239,1
77971,48239,1
77973,48469,1
77974,48123,0.6359188575257141
77975,48285,1
77976,48469,1
77977,48469,1
77978,48057,1
77979,48057,0.8031569568062289
77982,48057,1
77983,48057,1
77984,48285,0.6468469688283193
77986,48285,1
77987,48285,1
77988,48469,1
77990,48391,0.7908957162862313
77991,48239,1
77993,48175,1
77994,48123,0.9261565771077727
77995,48123,0.48140326972729747
78001,48283,1
78002,48029,1
78003,48019,0.8524750263409081
78004,48259,1
78005,48163,0.8854296573447499
78006,48259,0.9217273111883167
78007,48311,1
78008,48013,0.9255224082182578
78009,48325,1
78010,48265,1
78011,48013,1
78012,48013,1
78013,48259,0.5032273717639489
78014,48283,0.9768235353185668
78015,48259,0.4678827634878805
78016,48325,0.9573536516165728
78017,48163,0.8761580389777347
78019,48479,0.8417854125405779
78021,48283,0.6404565539800571
78022,48297,0.885829677626538
78023,48029,0.8487608724564528
78024,48265,0.9538317997799163
78025,48265,1
78026,48013,0.7238153586303251
78027,48259,1
78028,48265,0.837822347072083
78029,48265,1
78039,48325,0.7095877902113256
78040,48479,1
78041,48479,1
78043,48479,1
78044,48479,1
78045,48479,1
78046,48479,1
78050,48013,1
78052,48013,0.7646227160868805
78055,48019,0.9759818955014856
78056,48325,1
78057,48163,0.8364107952844622
78058,48265,0.7848669585600502
78059,48325,1
78061,48163,1
78062,48013,1
78063,48019,0.9996067703414087
78064,48013,0.9593661192366404
78065,48013,1
78066,48325,1
78067,48505,1
78069,48013,0.7218160624386828
78070,48091,0.8220378945661739
78071,48297,0.892329385422848
78072,48311,1
78073,48029,0.8944209528161644
78074,48259,1
78075,48297,0.940405254001914
78076,48505,1
78101,48029,0.5218419446819782
78102,48025,0.9423698752059568
78104,48025,1
78107,48175,1
78108,48187,0.8718137937359391
78109,48029,1
78111,48255,1
78112,48029,0.9879704909838318
78113,48493,0.4011058998738372
78114,48493,0.9260236183170866
78116,48255,1
78117,48255,1
78118,48255,0.8913823989076379
78119,48255,0.5472532492718216
78121,48493,0.751522027785501
78122,48177,1
78123,48187,1
78124,48187,0.8751593948672237
78125,48025,1
78130,48187,0.5602651547402204
78132,48091,0.9946758089779105
78133,48091,1
78140,48177,0.6760012793986716
78141,48123,0.7831982293216427
78142,48025,1
78143,48493,1
78144,48255,1
78145,48025,1
78146,48025,1
78147,48493,1
78148,48029,1
78150,48029,1
78151,48255,0.9518546929028385
78152,48029,1
78154,48029,0.5636353034635915
78155,48187,1
78159,48177,1
78160,48493,1
78161,48493,1
78162,48025,1
78163,48091,1
78164,48123,0.8728690183629121
78201,48029,1
78202,48029,1
78203,48029,1
78204,48029,1
78205,48029,1
78207,48029,1
78208,48029,1
78209,48029,1
78210,48029,1
78211,48029,1
78212,48029,1
78213,48029,1
78214,48029,1
78215,48029,1
78216,48029,1
78217,48029,1
78218,48029,1
78219,48029,1
78220,48029,1
78221,48029,1
78222,48029,1
78223,48029,0.915500729472629
78224,48029,1
78225,48029,1
78226,48029,1
78227,48029,1
78228,48029,1
78229,48029,1
78230,48029,1
78231,48029,1
78232,48029,1
78233,48029,1
78234,48029,1
78235,48029,1
78236,48029,1
78237,48029,1
78238,48029,1
78239,48029,1
78240,48029,1
78242,48029,1
78243,48029,1
78244,48029,1
78245,48029,1
78247,48029,1
78248,48029,1
78249,48029,1
78250,48029,1
78251,48029,1
78252,48029,1
78253,48029,0.6270567477409027
78254,48029,1
78255,48029,1
78256,48029,1
78257,48029,1
78258,48029,1
78259,48029,1
78260,48029,1
78261,48029,1
78263,48029,1
78264,48029,0.9357822599521333
78266,48091,0.8036304196513003
78330,48355,1
78332,48249,0.8470824684958485
78336,48409,0.6698834105861311
78338,48261,1
78339,48355,1
78340,48391,1
78341,48131,1
78342,48249,1
78343,48355,1
78344,48479,1
78347,48355,1
78349,48131,1
78351,48355,1
78352,48409,1
78353,48047,1
78355,48047,0.8465550675616847
78357,48131,1
78358,48007,1
78359,48409,1
78360,48247,1
78361,48247,0.8769932890037846
78362,48409,1
78363,48273,1
78368,48409,0.7021543360988416
78369,48479,1
78370,48409,1
78371,48479,1
78372,48249,0.7730767559394639
78373,48355,1
78374,48409,1
78375,48249,1
78376,48131,1
78377,48391,1
78379,48273,1
78380,48355,0.9971511902226489
78382,48007,1
78383,48297,0.6221577866713258
78384,48131,0.9860691146841919
78385,48261,1
78387,48409,0.7914213404893539
78389,48025,1
78390,48409,0.92254366838115
78391,48025,1
78393,48391,1
78401,48355,1
78402,48355,1
78404,48355,1
78405,48355,1
78406,48355,1
78407,48355,1
78408,48355,1
78409,48355,1
78410,48355,1
78411,48355,1
78412,48355,1
78413,48355,1
78414,48355,1
78415,48355,1
78416,48355,1
78417,48355,1
78418,48273,0.6010509119035331
78419,48355,1
78501,48215,1
78503,48215,1
78504,48215,1
78516,48215,1
78520,48061,1
78521,48061,1
78526,48061,1
78535,48061,1
78536,48427,1
78537,48215,1
78538,48215,1
78539,48215,1
78540,48215,1
78541,48215,1
78542,48215,1
78543,48215,1
78545,48427,0.6862368441363168
78547,48427,1
78548,48427,1
78549,48215,1
78550,48061,1
78552,48061,1
78557,48215,1
78558,48215,1
78559,48061,1
78560,48215,1
78561,48489,1
78562,48215,1
78563,48215,0.9919962678840162
78564,48505,1
78565,48215,1
78566,48061,1
78567,48061,1
78569,48489,0.7956305176486246
78570,48215,1
78572,48215,1
78573,48215,1
78574,48215,1
78575,48061,1
78576,48215,1
78577,48215,1
78578,48061,1
78579,48215,1
78580,48489,0.9183869774157981
78582,48427,1
78583,48061,1
78584,48427,1
78585,48427,1
78586,48061,1
78588,48427,1
78589,48215,1
78590,48489,1
78591,48427,1
78592,48061,1
78593,48061,1
78594,48489,1
78595,48215,0.7833280143140335
78596,48215,1
78597,48061,1
78598,48489,1
78599,48215,1
78602,48021,1
78605,48053,1
78606,48031,0.7515398246792396
78607,48299,1
78608,48053,1
78609,48299,1
78610,48209,0.7142309363293107
78611,48053,0.9802088543839191
78612,48021,0.9884021381242228
78613,48491,0.8863499254168985
78614,48177,1
78615,48491,0.639374055971151
78616,48055,0.8211472887375137
78617,48453,0.7841298655371126
78618,48171,0.6180498912347921
78619,48209,1
78620,48209,0.8545359551586744
78621,48021,0.625600863058722
78622,48055,1
78623,48091,0.9223436781363085
78624,48171,0.9128581958360591
78626,48491,1
78628,48491,1
78629,48177,0.981430355952763
78631,48267,0.48787063493350374
78632,48177,0.5899714645788031
78633,48491,1
78634,48491,0.995586601809875
78635,48031,1
78636,48031,1
78638,48187,0.9833315101017658
78639,48299,0.8281006931236624
78640,48209,0.8364264436286012
78641,48453,0.6288300714864271
78642,48491,0.9197712464373402
78643,48299,1
78644,48055,1
78645,48453,1
78648,48055,0.756768524257658
78650,48021,0.7101455235051265
78652,48453,0.5641509703315422
78653,48453,0.9884770453984758
78654,48053,0.8076969936416242
78655,48055,0.6003368083104336
78656,48055,0.9704251099805087
78657,48299,0.6921576157727198
78658,48177,1
78659,48021,0.7911241834537333
78660,48453,1
78661,48055,1
78662,48021,0.8123886463501723
78663,48031,0.9330769405528131
78664,48491,0.8562850445839739
78665,48491,1
78666,48209,0.7792389277047739
78669,48453,0.435060224815423
78670,48187,1
78671,48171,1
78672,48299,1
78674,48491,1
78675,48171,1
78676,48209,0.9246063467376943
78677,48177,1
78681,48491,1
78701,48453,1
78702,48453,1
78703,48453,1
78704,48453,1
78705,48453,1
78712,48453,1
78717,48491,1
78719,48453,1
78721,48453,1
78722,48453,1
78723,48453,1
78724,48453,1
78725,48453,1
78726,48453,1
78727,48453,0.9813973231687108
78728,48453,0.7832190034668923
78729,48491,0.8835106527605393
78730,48453,1
78731,48453,1
78732,48453,1
78733,48453,1
78734,48453,1
78735,48453,1
78736,48453,0.9670674395429022
78737,48209,0.7119173805972113
78738,48453,1
78739,48453,0.9224084316204292
78741,48453,1
78742,48453,1
78744,48453,1
78745,48453,1
78746,48453,1
78747,48453,1
78748,48453,1
78749,48453,1
78750,48453,0.7807202957194043
78751,48453,1
78752,48453,1
78753,48453,1
78754,48453,1
78756,48453,1
78757,48453,1
78758,48453,1
78759,48453,0.9887967811503171
78801,48463,0.9760937132622717
78802,48463,1
78827,48127,1
78828,48385,0.6514802003169832
78829,48507,1
78830,48127,1
78832,48271,1
78833,48385,0.7600392616483447
78834,48127,0.8910545590032163
78836,48127,1
78837,48465,1
78838,48463,1
78839,48507,0.9794399366657419
78840,48465,1
78841,48465,1
78842,48465,1
78843,48465,1
78850,48325,1
78851,48443,1
78852,48323,1
78860,48323,1
78861,48325,1
78870,48463,1
78871,48465,1
78872,48507,1
78873,48385,1
78877,48323,1
78879,48385,0.7681783934738973
78880,48137,0.971774581623807
78881,48463,1
78883,48019,1
78884,48019,0.5265966319146983
78885,48019,1
78886,48325,1
78931,48015,1
78932,48477,0.5851352594463616
78933,48089,0.6951753980902116
78934,48089,1
78935,48089,1
78938,48149,1
78940,48149,0.7551603929526469
78941,48149,0.8074252378725825
78942,48287,0.8713973057748733
78943,48089,1
78944,48015,1
78945,48149,0.9913939859002571
78946,48287,0.6120854582380404
78947,48287,1
78948,48287,1
78949,48149,1
78950,48015,0.6903518473057854
78951,48089,1
78953,48021,0.6522716493404949
78954,48149,0.9174315168085413
78956,48149,0.7501022509234649
78957,48021,0.8889009755862773
78959,48177,0.7984902403572696
78962,48089,0.8461215089008863
78963,48149,1
79001,48359,0.6530857935887219
79002,48179,1
79003,48211,0.7441184902445355
79005,48295,0.7396614267465871
79007,48233,1
79008,48233,1
79009,48369,1
79010,48375,0.7138310800673116
79011,48483,0.5078575666505442
79012,48381,1
79013,48341,1
79014,48211,0.7816029003509691
79015,48381,1
79016,48381,1
79018,48205,0.6527099776079205
79019,48011,0.9704554496803708
79021,48189,1
79022,48111,0.5770529931647017
79024,48295,1
79025,48117,1
79027,48069,0.9926192685847939
79029,48341,0.9772758554921135
79031,48279,0.9318734209803486
79032,48189,1
79033,48357,1
79034,48295,1
79035,48369,0.6988162612266452
79036,48065,0.6671472648929525
79039,48065,0.5237670816052674
79040,48195,0.6299518436793818
79041,48189,0.9610084794670886
79042,48381,0.4792043410243101
79043,48069,0.817303003012921
79044,48205,1
79045,48117,0.8371288439415682
79046,48295,0.8713923774803072
79051,48111,1
79052,48437,0.8793050882086269
79053,48369,1
79054,48179,1
79056,48295,1
79057,48179,0.44292103815493267
79058,48375,0.6919041456749959
79059,48393,0.8905443917686685
79061,48483,0.9092267640204206
79062,48233,0.8271328688852059
79063,48069,1
79064,48279,0.735613664541917
79065,48179,0.7770440452065563
79066,48179,1
79068,48065,0.9913403655888556
79070,48357,0.9015038954605314
79072,48189,1
79073,48189,1
79078,48233,1
79079,48483,0.587199158524377
79080,48233,0.8600861013249581
79081,48195,0.7498889556141989
79082,48279,1
79083,48233,0.7162164605492277
79084,48421,0.9732887543519868
79085,48069,1
79086,48421,0.585215958722911
79087,48111,1
79088,48437,0.8539717621461963
79091,48381,1
79092,48359,0.8392567164189049
79093,48357,1
79094,48011,1
79095,48087,0.9652382297144771
79096,48483,1
79097,48065,0.9480359550880111
79098,48117,0.4640913027914355
79101,48375,1
79102,48375,1
79103,48375,0.5000818928902426
79104,48375,1
79106,48375,0.9032774350092763
79107,48375,1
79108,48375,0.987317626507172
79109,48381,0.7927445154255074
79110,48381,1
79111,48375,1
79118,48381,0.9306483570226205
79119,48381,1
79121,48381,0.8390321055220124
79124,48375,0.9753862081670676
79201,48075,0.5400632257223242
79220,48125,1
79223,48101,1
79225,48197,0.7698418340131882
79226,48129,0.6030515278651769
79227,48155,0.6627162204990686
79229,48125,1
79230,48075,0.6698082135780224
79231,48153,1
79233,48191,1
79234,48345,0.81512561815721285
79235,48153,0.8809237167469777
79236,48269,0.9978078877188327
79237,48129,1
79239,48191,1
79240,48129,1
79241,48153,0.993038772322984
79243,48125,0.6563070933506399
79244,48345,1
79245,48191,0.5002548909876351
79247,48487,1
79248,48101,0.6541073430363539
79250,48189,0.5806011771691221
79251,48087,1
79252,48197,0.9675450807789499
79255,48045,0.7198372932873841
79256,48345,0.8392338200308251
79257,48045,0.9742052395058174
79258,48153,1
79259,48191,0.7721344920385085
79261,48191,1
79311,48189,0.7398326223349105
79312,48279,1
79313,48219,0.5624850978127327
79314,48079,1
79316,48445,1
79322,48107,1
79323,48165,0.5789339680640302
79324,48017,0.9943075200886196
79325,48369,0.9563455830541382
79326,48279,1
79329,48303,1
79330,48169,1
79331,48115,0.7751073314587782
79336,48219,0.9755809652016398
79339,48279,0.7091979321001213
79342,48165,1
79343,48107,0.6398936878865855
79344,48017,1
79345,48445,0.9431142841628992
79346,48079,0.9358868370737996
79347,48017,0.7790816091111111
79350,48303,1
79351,48115,0.3692605320279053
79353,48219,1
79355,48501,1
79356,48169,0.7582024821159945
79357,48107,1
79358,48219,0.8643535415282939
79359,48165,0.6094888481282152
79360,48165,1
79363,48303,0.8375218863762313
79364,48303,0.6871958901830589
79366,48303,1
79367,48219,1
79369,48279,1
79370,48125,0.6186965109536315
79371,48017,0.5782272791445333
79372,48219,1
79373,48305,1
79376,48501,0.7453770967789006
79377,48115,1
79378,48445,1
79379,48079,1
79380,48219,1
79381,48305,1
79382,48303,0.9428869908291244
79383,48305,1
79401,48303,1
79402,48303,1
79403,48303,1
79404,48303,1
79406,48303,1
79407,48219,0.6251495464900484
79410,48303,1
79411,48303,1
79412,48303,1
79413,48303,1
79414,48303,1
79415,48303,1
79416,48303,1
79423,48303,0.7886445805205932
79424,48303,1
79501,48253,1
79502,48433,1
79503,48253,0.8697335133489499
79504,48059,0.9434852112720982
79505,48275,1
79506,48353,0.7412069779812933
79508,48441,1
79510,48059,0.8903000490688742
79511,48227,0.7321862884725909
79512,48335,0.9658505041464557
79517,48033,0.7304251668466207
79518,48263,1
79519,48083,0.6354560277938786
79520,48253,0.5347323288033884
79521,48207,0.9349568022847665
79525,48253,1
79526,48415,0.9206517959083841
79527,48415,0.8316904129260954
79528,48263,0.7586217769613216
79529,48275,0.8464093936021654
79530,48441,0.6734570785750744
79532,48335,0.9187728661838865
79533,48417,0.6325766605461742
79534,48151,1
79535,48353,1
79536,48441,0.6088291856234914
79537,48353,1
79538,48083,0.6585453541650226
79539,48207,1
79540,48433,1
79541,48441,0.9290080341809989
79543,48151,1
79544,48207,0.9231249299335947
79545,48353,0.815909091635231
79546,48151,0.7711608682505463
79547,48207,0.9953045881026434
79548,48207,1
79549,48415,0.6039491124687418
79553,48253,0.622989835149248
79556,48353,0.5833824627689589
79560,48151,0.7516628755578191
79561,48353,0.3641622096172473
79562,48441,1
79563,48441,1
79565,48335,1
79566,48441,0.6799441149323406
79567,48399,0.9410431572596853
79601,48253,0.4663672037648608
79602,48441,0.7726799693023715
79603,48441,1
79605,48441,1
79606,48441,1
79607,48441,1
79699,48441,1
79701,48329,1
79703,48329,1
79705,48317,0.5134816227023109
79706,48329,0.9301389596693884
79707,48329,1
79713,48317,0.4620431461803213
79714,48003,1
79718,48389,1
79719,48475,1
79720,48227,0.5499240457099892
79721,48227,1
79730,48371,1
79731,48103,1
79733,48227,1
79734,48243,1
79735,48371,1
79738,48033,1
79739,48173,0.9133772979566613
79741,48135,1
79742,48475,1
79743,48371,1
79744,48105,0.5131073254701799
79745,48495,1
79748,48227,0.6237754307411723
79749,48317,1
79752,48461,0.5887745158375777
79754,48301,1
79755,48461,0.9807725226900939
79756,48475,1
79758,48135,1
79759,48135,1
79761,48135,1
79762,48135,1
79763,48135,1
79764,48135,1
79765,48329,0.5474106563546236
79766,48135,0.5365773894688147
79769,48135,1
79770,48389,1
79772,48389,0.986401336635451
79776,48135,1
79777,48475,1
79778,48461,1
79780,48389,1
79781,48443,0.44349886823435813
79782,48317,0.8403951762032905
79783,48317,1
79785,48389,1
79788,48475,1
79789,48495,1
79821,48141,1
79830,48043,1
79832,48043,1
79834,48043,1
79835,48141,1
79836,48141,1
79837,48229,1
79838,48141,1
79839,48229,1
79842,48043,1
79843,48377,1
79845,48377,1
79846,48377,1
79847,48109,0.5442764280663551
79848,48443,1
79849,48141,1
79851,48229,1
79852,48043,1
79853,48141,1
79854,48243,0.6861251093285189
79855,48109,0.7235113879861099
79901,48141,1
79902,48141,1
79903,48141,1
79904,48141,1
79905,48141,1
79906,48141,1
79907,48141,1
79908,48141,1
79911,48141,1
79912,48141,1
79915,48141,1
79916,48141,1
79918,48141,1
79920,48141,1
79922,48141,1
79924,48141,1
79925,48141,1
79927,48141,1
79928,48141,1
79930,48141,1
79932,48141,1
79934,48141,1
79935,48141,1
79936,48141,1
79938,48141,0.5445084223298049
88430,48359,1
,48043,0.08820221779927247
